img_name,label
BARE-10-33_PASS (1).jpg,0
BARE-10-33_PASS (10).jpg,0
BARE-10-33_PASS (100).jpg,0
BARE-10-33_PASS (101).jpg,0
BARE-10-33_PASS (102).jpg,0
BARE-10-33_PASS (103).jpg,0
BARE-10-33_PASS (104).jpg,0
BARE-10-33_PASS (105).jpg,0
BARE-10-33_PASS (106).jpg,0
BARE-10-33_PASS (107).jpg,0
BARE-10-33_PASS (108).jpg,0
BARE-10-33_PASS (109).jpg,0
BARE-10-33_PASS (11).jpg,0
BARE-10-33_PASS (110).jpg,0
BARE-10-33_PASS (111).jpg,0
BARE-10-33_PASS (112).jpg,0
BARE-10-33_PASS (113).jpg,0
BARE-10-33_PASS (114).jpg,0
BARE-10-33_PASS (115).jpg,0
BARE-10-33_PASS (116).jpg,0
BARE-10-33_PASS (117).jpg,0
BARE-10-33_PASS (118).jpg,0
BARE-10-33_PASS (119).jpg,0
BARE-10-33_PASS (12).jpg,0
BARE-10-33_PASS (120).jpg,0
BARE-10-33_PASS (121).jpg,0
BARE-10-33_PASS (122).jpg,0
BARE-10-33_PASS (123).jpg,0
BARE-10-33_PASS (124).jpg,0
BARE-10-33_PASS (125).jpg,0
BARE-10-33_PASS (126).jpg,0
BARE-10-33_PASS (127).jpg,0
BARE-10-33_PASS (128).jpg,0
BARE-10-33_PASS (129).jpg,0
BARE-10-33_PASS (13).jpg,0
BARE-10-33_PASS (130).jpg,0
BARE-10-33_PASS (131).jpg,0
BARE-10-33_PASS (132).jpg,0
BARE-10-33_PASS (133).jpg,0
BARE-10-33_PASS (134).jpg,0
BARE-10-33_PASS (135).jpg,0
BARE-10-33_PASS (136).jpg,0
BARE-10-33_PASS (137).jpg,0
BARE-10-33_PASS (138).jpg,0
BARE-10-33_PASS (139).jpg,0
BARE-10-33_PASS (14).jpg,0
BARE-10-33_PASS (140).jpg,0
BARE-10-33_PASS (141).jpg,0
BARE-10-33_PASS (142).jpg,0
BARE-10-33_PASS (143).jpg,0
BARE-10-33_PASS (144).jpg,0
BARE-10-33_PASS (145).jpg,0
BARE-10-33_PASS (146).jpg,0
BARE-10-33_PASS (147).jpg,0
BARE-10-33_PASS (148).jpg,0
BARE-10-33_PASS (149).jpg,0
BARE-10-33_PASS (15).jpg,0
BARE-10-33_PASS (150).jpg,0
BARE-10-33_PASS (151).jpg,0
BARE-10-33_PASS (152).jpg,0
BARE-10-33_PASS (153).jpg,0
BARE-10-33_PASS (154).jpg,0
BARE-10-33_PASS (155).jpg,0
BARE-10-33_PASS (156).jpg,0
BARE-10-33_PASS (157).jpg,0
BARE-10-33_PASS (158).jpg,0
BARE-10-33_PASS (159).jpg,0
BARE-10-33_PASS (16).jpg,0
BARE-10-33_PASS (160).jpg,0
BARE-10-33_PASS (161).jpg,0
BARE-10-33_PASS (162).jpg,0
BARE-10-33_PASS (163).jpg,0
BARE-10-33_PASS (164).jpg,0
BARE-10-33_PASS (165).jpg,0
BARE-10-33_PASS (166).jpg,0
BARE-10-33_PASS (167).jpg,0
BARE-10-33_PASS (168).jpg,0
BARE-10-33_PASS (169).jpg,0
BARE-10-33_PASS (17).jpg,0
BARE-10-33_PASS (170).jpg,0
BARE-10-33_PASS (171).jpg,0
BARE-10-33_PASS (172).jpg,0
BARE-10-33_PASS (173).jpg,0
BARE-10-33_PASS (174).jpg,0
BARE-10-33_PASS (175).jpg,0
BARE-10-33_PASS (176).jpg,0
BARE-10-33_PASS (177).jpg,0
BARE-10-33_PASS (178).jpg,0
BARE-10-33_PASS (179).jpg,0
BARE-10-33_PASS (18).jpg,0
BARE-10-33_PASS (180).jpg,0
BARE-10-33_PASS (181).jpg,0
BARE-10-33_PASS (182).jpg,0
BARE-10-33_PASS (183).jpg,0
BARE-10-33_PASS (184).jpg,0
BARE-10-33_PASS (185).jpg,0
BARE-10-33_PASS (186).jpg,0
BARE-10-33_PASS (187).jpg,0
BARE-10-33_PASS (188).jpg,0
BARE-10-33_PASS (189).jpg,0
BARE-10-33_PASS (19).jpg,0
BARE-10-33_PASS (190).jpg,0
BARE-10-33_PASS (191).jpg,0
BARE-10-33_PASS (192).jpg,0
BARE-10-33_PASS (193).jpg,0
BARE-10-33_PASS (194).jpg,0
BARE-10-33_PASS (195).jpg,0
BARE-10-33_PASS (196).jpg,0
BARE-10-33_PASS (197).jpg,0
BARE-10-33_PASS (198).jpg,0
BARE-10-33_PASS (199).jpg,0
BARE-10-33_PASS (2).jpg,0
BARE-10-33_PASS (20).jpg,0
BARE-10-33_PASS (200).jpg,0
BARE-10-33_PASS (201).jpg,0
BARE-10-33_PASS (202).jpg,0
BARE-10-33_PASS (203).jpg,0
BARE-10-33_PASS (204).jpg,0
BARE-10-33_PASS (205).jpg,0
BARE-10-33_PASS (206).jpg,0
BARE-10-33_PASS (207).jpg,0
BARE-10-33_PASS (208).jpg,0
BARE-10-33_PASS (209).jpg,0
BARE-10-33_PASS (21).jpg,0
BARE-10-33_PASS (210).jpg,0
BARE-10-33_PASS (211).jpg,0
BARE-10-33_PASS (212).jpg,0
BARE-10-33_PASS (213).jpg,0
BARE-10-33_PASS (214).jpg,0
BARE-10-33_PASS (215).jpg,0
BARE-10-33_PASS (216).jpg,0
BARE-10-33_PASS (217).jpg,0
BARE-10-33_PASS (218).jpg,0
BARE-10-33_PASS (219).jpg,0
BARE-10-33_PASS (22).jpg,0
BARE-10-33_PASS (220).jpg,0
BARE-10-33_PASS (221).jpg,0
BARE-10-33_PASS (222).jpg,0
BARE-10-33_PASS (223).jpg,0
BARE-10-33_PASS (224).jpg,0
BARE-10-33_PASS (225).jpg,0
BARE-10-33_PASS (226).jpg,0
BARE-10-33_PASS (227).jpg,0
BARE-10-33_PASS (228).jpg,0
BARE-10-33_PASS (229).jpg,0
BARE-10-33_PASS (23).jpg,0
BARE-10-33_PASS (230).jpg,0
BARE-10-33_PASS (231).jpg,0
BARE-10-33_PASS (232).jpg,0
BARE-10-33_PASS (233).jpg,0
BARE-10-33_PASS (234).jpg,0
BARE-10-33_PASS (235).jpg,0
BARE-10-33_PASS (236).jpg,0
BARE-10-33_PASS (237).jpg,0
BARE-10-33_PASS (238).jpg,0
BARE-10-33_PASS (239).jpg,0
BARE-10-33_PASS (24).jpg,0
BARE-10-33_PASS (240).jpg,0
BARE-10-33_PASS (241).jpg,0
BARE-10-33_PASS (242).jpg,0
BARE-10-33_PASS (243).jpg,0
BARE-10-33_PASS (244).jpg,0
BARE-10-33_PASS (245).jpg,0
BARE-10-33_PASS (246).jpg,0
BARE-10-33_PASS (247).jpg,0
BARE-10-33_PASS (248).jpg,0
BARE-10-33_PASS (249).jpg,0
BARE-10-33_PASS (25).jpg,0
BARE-10-33_PASS (250).jpg,0
BARE-10-33_PASS (251).jpg,0
BARE-10-33_PASS (252).jpg,0
BARE-10-33_PASS (253).jpg,0
BARE-10-33_PASS (254).jpg,0
BARE-10-33_PASS (255).jpg,0
BARE-10-33_PASS (256).jpg,0
BARE-10-33_PASS (257).jpg,0
BARE-10-33_PASS (258).jpg,0
BARE-10-33_PASS (259).jpg,0
BARE-10-33_PASS (26).jpg,0
BARE-10-33_PASS (260).jpg,0
BARE-10-33_PASS (261).jpg,0
BARE-10-33_PASS (262).jpg,0
BARE-10-33_PASS (263).jpg,0
BARE-10-33_PASS (264).jpg,0
BARE-10-33_PASS (265).jpg,0
BARE-10-33_PASS (266).jpg,0
BARE-10-33_PASS (267).jpg,0
BARE-10-33_PASS (268).jpg,0
BARE-10-33_PASS (269).jpg,0
BARE-10-33_PASS (27).jpg,0
BARE-10-33_PASS (270).jpg,0
BARE-10-33_PASS (271).jpg,0
BARE-10-33_PASS (272).jpg,0
BARE-10-33_PASS (273).jpg,0
BARE-10-33_PASS (274).jpg,0
BARE-10-33_PASS (275).jpg,0
BARE-10-33_PASS (276).jpg,0
BARE-10-33_PASS (277).jpg,0
BARE-10-33_PASS (278).jpg,0
BARE-10-33_PASS (279).jpg,0
BARE-10-33_PASS (28).jpg,0
BARE-10-33_PASS (280).jpg,0
BARE-10-33_PASS (281).jpg,0
BARE-10-33_PASS (282).jpg,0
BARE-10-33_PASS (283).jpg,0
BARE-10-33_PASS (284).jpg,0
BARE-10-33_PASS (285).jpg,0
BARE-10-33_PASS (286).jpg,0
BARE-10-33_PASS (287).jpg,0
BARE-10-33_PASS (288).jpg,0
BARE-10-33_PASS (289).jpg,0
BARE-10-33_PASS (29).jpg,0
BARE-10-33_PASS (290).jpg,0
BARE-10-33_PASS (291).jpg,0
BARE-10-33_PASS (292).jpg,0
BARE-10-33_PASS (293).jpg,0
BARE-10-33_PASS (294).jpg,0
BARE-10-33_PASS (295).jpg,0
BARE-10-33_PASS (296).jpg,0
BARE-10-33_PASS (297).jpg,0
BARE-10-33_PASS (298).jpg,0
BARE-10-33_PASS (299).jpg,0
BARE-10-33_PASS (3).jpg,0
BARE-10-33_PASS (30).jpg,0
BARE-10-33_PASS (300).jpg,0
BARE-10-33_PASS (301).jpg,0
BARE-10-33_PASS (302).jpg,0
BARE-10-33_PASS (303).jpg,0
BARE-10-33_PASS (304).jpg,0
BARE-10-33_PASS (305).jpg,0
BARE-10-33_PASS (306).jpg,0
BARE-10-33_PASS (307).jpg,0
BARE-10-33_PASS (308).jpg,0
BARE-10-33_PASS (309).jpg,0
BARE-10-33_PASS (31).jpg,0
BARE-10-33_PASS (310).jpg,0
BARE-10-33_PASS (311).jpg,0
BARE-10-33_PASS (312).jpg,0
BARE-10-33_PASS (313).jpg,0
BARE-10-33_PASS (314).jpg,0
BARE-10-33_PASS (315).jpg,0
BARE-10-33_PASS (316).jpg,0
BARE-10-33_PASS (317).jpg,0
BARE-10-33_PASS (318).jpg,0
BARE-10-33_PASS (319).jpg,0
BARE-10-33_PASS (32).jpg,0
BARE-10-33_PASS (320).jpg,0
BARE-10-33_PASS (321).jpg,0
BARE-10-33_PASS (322).jpg,0
BARE-10-33_PASS (323).jpg,0
BARE-10-33_PASS (324).jpg,0
BARE-10-33_PASS (325).jpg,0
BARE-10-33_PASS (326).jpg,0
BARE-10-33_PASS (327).jpg,0
BARE-10-33_PASS (328).jpg,0
BARE-10-33_PASS (329).jpg,0
BARE-10-33_PASS (33).jpg,0
BARE-10-33_PASS (330).jpg,0
BARE-10-33_PASS (331).jpg,0
BARE-10-33_PASS (332).jpg,0
BARE-10-33_PASS (333).jpg,0
BARE-10-33_PASS (334).jpg,0
BARE-10-33_PASS (335).jpg,0
BARE-10-33_PASS (336).jpg,0
BARE-10-33_PASS (337).jpg,0
BARE-10-33_PASS (338).jpg,0
BARE-10-33_PASS (339).jpg,0
BARE-10-33_PASS (34).jpg,0
BARE-10-33_PASS (340).jpg,0
BARE-10-33_PASS (341).jpg,0
BARE-10-33_PASS (342).jpg,0
BARE-10-33_PASS (343).jpg,0
BARE-10-33_PASS (344).jpg,0
BARE-10-33_PASS (345).jpg,0
BARE-10-33_PASS (346).jpg,0
BARE-10-33_PASS (347).jpg,0
BARE-10-33_PASS (348).jpg,0
BARE-10-33_PASS (349).jpg,0
BARE-10-33_PASS (35).jpg,0
BARE-10-33_PASS (350).jpg,0
BARE-10-33_PASS (351).jpg,0
BARE-10-33_PASS (352).jpg,0
BARE-10-33_PASS (353).jpg,0
BARE-10-33_PASS (354).jpg,0
BARE-10-33_PASS (355).jpg,0
BARE-10-33_PASS (356).jpg,0
BARE-10-33_PASS (357).jpg,0
BARE-10-33_PASS (358).jpg,0
BARE-10-33_PASS (359).jpg,0
BARE-10-33_PASS (36).jpg,0
BARE-10-33_PASS (360).jpg,0
BARE-10-33_PASS (361).jpg,0
BARE-10-33_PASS (362).jpg,0
BARE-10-33_PASS (363).jpg,0
BARE-10-33_PASS (364).jpg,0
BARE-10-33_PASS (365).jpg,0
BARE-10-33_PASS (366).jpg,0
BARE-10-33_PASS (367).jpg,0
BARE-10-33_PASS (368).jpg,0
BARE-10-33_PASS (369).jpg,0
BARE-10-33_PASS (37).jpg,0
BARE-10-33_PASS (370).jpg,0
BARE-10-33_PASS (371).jpg,0
BARE-10-33_PASS (372).jpg,0
BARE-10-33_PASS (373).jpg,0
BARE-10-33_PASS (374).jpg,0
BARE-10-33_PASS (375).jpg,0
BARE-10-33_PASS (376).jpg,0
BARE-10-33_PASS (377).jpg,0
BARE-10-33_PASS (378).jpg,0
BARE-10-33_PASS (379).jpg,0
BARE-10-33_PASS (38).jpg,0
BARE-10-33_PASS (380).jpg,0
BARE-10-33_PASS (39).jpg,0
BARE-10-33_PASS (4).jpg,0
BARE-10-33_PASS (40).jpg,0
BARE-10-33_PASS (41).jpg,0
BARE-10-33_PASS (42).jpg,0
BARE-10-33_PASS (43).jpg,0
BARE-10-33_PASS (44).jpg,0
BARE-10-33_PASS (45).jpg,0
BARE-10-33_PASS (46).jpg,0
BARE-10-33_PASS (47).jpg,0
BARE-10-33_PASS (48).jpg,0
BARE-10-33_PASS (49).jpg,0
BARE-10-33_PASS (5).jpg,0
BARE-10-33_PASS (50).jpg,0
BARE-10-33_PASS (51).jpg,0
BARE-10-33_PASS (52).jpg,0
BARE-10-33_PASS (53).jpg,0
BARE-10-33_PASS (54).jpg,0
BARE-10-33_PASS (55).jpg,0
BARE-10-33_PASS (56).jpg,0
BARE-10-33_PASS (57).jpg,0
BARE-10-33_PASS (58).jpg,0
BARE-10-33_PASS (59).jpg,0
BARE-10-33_PASS (6).jpg,0
BARE-10-33_PASS (60).jpg,0
BARE-10-33_PASS (61).jpg,0
BARE-10-33_PASS (62).jpg,0
BARE-10-33_PASS (63).jpg,0
BARE-10-33_PASS (64).jpg,0
BARE-10-33_PASS (65).jpg,0
BARE-10-33_PASS (66).jpg,0
BARE-10-33_PASS (67).jpg,0
BARE-10-33_PASS (68).jpg,0
BARE-10-33_PASS (69).jpg,0
BARE-10-33_PASS (7).jpg,0
BARE-10-33_PASS (70).jpg,0
BARE-10-33_PASS (71).jpg,0
BARE-10-33_PASS (72).jpg,0
BARE-10-33_PASS (73).jpg,0
BARE-10-33_PASS (74).jpg,0
BARE-10-33_PASS (75).jpg,0
BARE-10-33_PASS (76).jpg,0
BARE-10-33_PASS (77).jpg,0
BARE-10-33_PASS (78).jpg,0
BARE-10-33_PASS (79).jpg,0
BARE-10-33_PASS (8).jpg,0
BARE-10-33_PASS (80).jpg,0
BARE-10-33_PASS (81).jpg,0
BARE-10-33_PASS (82).jpg,0
BARE-10-33_PASS (83).jpg,0
BARE-10-33_PASS (84).jpg,0
BARE-10-33_PASS (85).jpg,0
BARE-10-33_PASS (86).jpg,0
BARE-10-33_PASS (87).jpg,0
BARE-10-33_PASS (88).jpg,0
BARE-10-33_PASS (89).jpg,0
BARE-10-33_PASS (9).jpg,0
BARE-10-33_PASS (90).jpg,0
BARE-10-33_PASS (91).jpg,0
BARE-10-33_PASS (92).jpg,0
BARE-10-33_PASS (93).jpg,0
BARE-10-33_PASS (94).jpg,0
BARE-10-33_PASS (95).jpg,0
BARE-10-33_PASS (96).jpg,0
BARE-10-33_PASS (97).jpg,0
BARE-10-33_PASS (98).jpg,0
BARE-10-33_PASS (99).jpg,0
BARE-10-33_SLIDE (1).jpg,2
BARE-10-33_SLIDE (10).jpg,2
BARE-10-33_SLIDE (100).jpg,2
BARE-10-33_SLIDE (101).jpg,2
BARE-10-33_SLIDE (102).jpg,2
BARE-10-33_SLIDE (103).jpg,2
BARE-10-33_SLIDE (104).jpg,2
BARE-10-33_SLIDE (105).jpg,2
BARE-10-33_SLIDE (106).jpg,2
BARE-10-33_SLIDE (107).jpg,2
BARE-10-33_SLIDE (108).jpg,2
BARE-10-33_SLIDE (109).jpg,2
BARE-10-33_SLIDE (11).jpg,2
BARE-10-33_SLIDE (110).jpg,2
BARE-10-33_SLIDE (111).jpg,2
BARE-10-33_SLIDE (112).jpg,2
BARE-10-33_SLIDE (113).jpg,2
BARE-10-33_SLIDE (114).jpg,2
BARE-10-33_SLIDE (115).jpg,2
BARE-10-33_SLIDE (116).jpg,2
BARE-10-33_SLIDE (117).jpg,2
BARE-10-33_SLIDE (118).jpg,2
BARE-10-33_SLIDE (119).jpg,2
BARE-10-33_SLIDE (12).jpg,2
BARE-10-33_SLIDE (120).jpg,2
BARE-10-33_SLIDE (121).jpg,2
BARE-10-33_SLIDE (122).jpg,2
BARE-10-33_SLIDE (123).jpg,2
BARE-10-33_SLIDE (124).jpg,2
BARE-10-33_SLIDE (125).jpg,2
BARE-10-33_SLIDE (126).jpg,2
BARE-10-33_SLIDE (127).jpg,2
BARE-10-33_SLIDE (128).jpg,2
BARE-10-33_SLIDE (129).jpg,2
BARE-10-33_SLIDE (13).jpg,2
BARE-10-33_SLIDE (130).jpg,2
BARE-10-33_SLIDE (131).jpg,2
BARE-10-33_SLIDE (132).jpg,2
BARE-10-33_SLIDE (133).jpg,2
BARE-10-33_SLIDE (134).jpg,2
BARE-10-33_SLIDE (135).jpg,2
BARE-10-33_SLIDE (136).jpg,2
BARE-10-33_SLIDE (137).jpg,2
BARE-10-33_SLIDE (138).jpg,2
BARE-10-33_SLIDE (139).jpg,2
BARE-10-33_SLIDE (14).jpg,2
BARE-10-33_SLIDE (140).jpg,2
BARE-10-33_SLIDE (141).jpg,2
BARE-10-33_SLIDE (142).jpg,2
BARE-10-33_SLIDE (143).jpg,2
BARE-10-33_SLIDE (144).jpg,2
BARE-10-33_SLIDE (145).jpg,2
BARE-10-33_SLIDE (146).jpg,2
BARE-10-33_SLIDE (147).jpg,2
BARE-10-33_SLIDE (148).jpg,2
BARE-10-33_SLIDE (149).jpg,2
BARE-10-33_SLIDE (15).jpg,2
BARE-10-33_SLIDE (150).jpg,2
BARE-10-33_SLIDE (151).jpg,2
BARE-10-33_SLIDE (152).jpg,2
BARE-10-33_SLIDE (153).jpg,2
BARE-10-33_SLIDE (154).jpg,2
BARE-10-33_SLIDE (155).jpg,2
BARE-10-33_SLIDE (156).jpg,2
BARE-10-33_SLIDE (157).jpg,2
BARE-10-33_SLIDE (158).jpg,2
BARE-10-33_SLIDE (159).jpg,2
BARE-10-33_SLIDE (16).jpg,2
BARE-10-33_SLIDE (160).jpg,2
BARE-10-33_SLIDE (161).jpg,2
BARE-10-33_SLIDE (162).jpg,2
BARE-10-33_SLIDE (163).jpg,2
BARE-10-33_SLIDE (164).jpg,2
BARE-10-33_SLIDE (165).jpg,2
BARE-10-33_SLIDE (166).jpg,2
BARE-10-33_SLIDE (167).jpg,2
BARE-10-33_SLIDE (168).jpg,2
BARE-10-33_SLIDE (169).jpg,2
BARE-10-33_SLIDE (17).jpg,2
BARE-10-33_SLIDE (170).jpg,2
BARE-10-33_SLIDE (171).jpg,2
BARE-10-33_SLIDE (172).jpg,2
BARE-10-33_SLIDE (173).jpg,2
BARE-10-33_SLIDE (174).jpg,2
BARE-10-33_SLIDE (175).jpg,2
BARE-10-33_SLIDE (176).jpg,2
BARE-10-33_SLIDE (177).jpg,2
BARE-10-33_SLIDE (178).jpg,2
BARE-10-33_SLIDE (179).jpg,2
BARE-10-33_SLIDE (18).jpg,2
BARE-10-33_SLIDE (180).jpg,2
BARE-10-33_SLIDE (181).jpg,2
BARE-10-33_SLIDE (182).jpg,2
BARE-10-33_SLIDE (183).jpg,2
BARE-10-33_SLIDE (184).jpg,2
BARE-10-33_SLIDE (185).jpg,2
BARE-10-33_SLIDE (186).jpg,2
BARE-10-33_SLIDE (187).jpg,2
BARE-10-33_SLIDE (188).jpg,2
BARE-10-33_SLIDE (189).jpg,2
BARE-10-33_SLIDE (19).jpg,2
BARE-10-33_SLIDE (190).jpg,2
BARE-10-33_SLIDE (191).jpg,2
BARE-10-33_SLIDE (192).jpg,2
BARE-10-33_SLIDE (193).jpg,2
BARE-10-33_SLIDE (194).jpg,2
BARE-10-33_SLIDE (195).jpg,2
BARE-10-33_SLIDE (196).jpg,2
BARE-10-33_SLIDE (197).jpg,2
BARE-10-33_SLIDE (198).jpg,2
BARE-10-33_SLIDE (199).jpg,2
BARE-10-33_SLIDE (2).jpg,2
BARE-10-33_SLIDE (20).jpg,2
BARE-10-33_SLIDE (200).jpg,2
BARE-10-33_SLIDE (201).jpg,2
BARE-10-33_SLIDE (202).jpg,2
BARE-10-33_SLIDE (203).jpg,2
BARE-10-33_SLIDE (204).jpg,2
BARE-10-33_SLIDE (205).jpg,2
BARE-10-33_SLIDE (206).jpg,2
BARE-10-33_SLIDE (207).jpg,2
BARE-10-33_SLIDE (208).jpg,2
BARE-10-33_SLIDE (209).jpg,2
BARE-10-33_SLIDE (21).jpg,2
BARE-10-33_SLIDE (210).jpg,2
BARE-10-33_SLIDE (211).jpg,2
BARE-10-33_SLIDE (212).jpg,2
BARE-10-33_SLIDE (213).jpg,2
BARE-10-33_SLIDE (214).jpg,2
BARE-10-33_SLIDE (215).jpg,2
BARE-10-33_SLIDE (216).jpg,2
BARE-10-33_SLIDE (217).jpg,2
BARE-10-33_SLIDE (218).jpg,2
BARE-10-33_SLIDE (219).jpg,2
BARE-10-33_SLIDE (22).jpg,2
BARE-10-33_SLIDE (220).jpg,2
BARE-10-33_SLIDE (221).jpg,2
BARE-10-33_SLIDE (222).jpg,2
BARE-10-33_SLIDE (223).jpg,2
BARE-10-33_SLIDE (224).jpg,2
BARE-10-33_SLIDE (225).jpg,2
BARE-10-33_SLIDE (226).jpg,2
BARE-10-33_SLIDE (227).jpg,2
BARE-10-33_SLIDE (228).jpg,2
BARE-10-33_SLIDE (229).jpg,2
BARE-10-33_SLIDE (23).jpg,2
BARE-10-33_SLIDE (230).jpg,2
BARE-10-33_SLIDE (231).jpg,2
BARE-10-33_SLIDE (232).jpg,2
BARE-10-33_SLIDE (233).jpg,2
BARE-10-33_SLIDE (234).jpg,2
BARE-10-33_SLIDE (235).jpg,2
BARE-10-33_SLIDE (236).jpg,2
BARE-10-33_SLIDE (237).jpg,2
BARE-10-33_SLIDE (238).jpg,2
BARE-10-33_SLIDE (239).jpg,2
BARE-10-33_SLIDE (24).jpg,2
BARE-10-33_SLIDE (240).jpg,2
BARE-10-33_SLIDE (241).jpg,2
BARE-10-33_SLIDE (242).jpg,2
BARE-10-33_SLIDE (243).jpg,2
BARE-10-33_SLIDE (244).jpg,2
BARE-10-33_SLIDE (245).jpg,2
BARE-10-33_SLIDE (246).jpg,2
BARE-10-33_SLIDE (247).jpg,2
BARE-10-33_SLIDE (248).jpg,2
BARE-10-33_SLIDE (249).jpg,2
BARE-10-33_SLIDE (25).jpg,2
BARE-10-33_SLIDE (250).jpg,2
BARE-10-33_SLIDE (251).jpg,2
BARE-10-33_SLIDE (252).jpg,2
BARE-10-33_SLIDE (253).jpg,2
BARE-10-33_SLIDE (254).jpg,2
BARE-10-33_SLIDE (255).jpg,2
BARE-10-33_SLIDE (256).jpg,2
BARE-10-33_SLIDE (257).jpg,2
BARE-10-33_SLIDE (258).jpg,2
BARE-10-33_SLIDE (259).jpg,2
BARE-10-33_SLIDE (26).jpg,2
BARE-10-33_SLIDE (260).jpg,2
BARE-10-33_SLIDE (261).jpg,2
BARE-10-33_SLIDE (262).jpg,2
BARE-10-33_SLIDE (263).jpg,2
BARE-10-33_SLIDE (264).jpg,2
BARE-10-33_SLIDE (265).jpg,2
BARE-10-33_SLIDE (266).jpg,2
BARE-10-33_SLIDE (267).jpg,2
BARE-10-33_SLIDE (268).jpg,2
BARE-10-33_SLIDE (269).jpg,2
BARE-10-33_SLIDE (27).jpg,2
BARE-10-33_SLIDE (270).jpg,2
BARE-10-33_SLIDE (271).jpg,2
BARE-10-33_SLIDE (272).jpg,2
BARE-10-33_SLIDE (273).jpg,2
BARE-10-33_SLIDE (274).jpg,2
BARE-10-33_SLIDE (275).jpg,2
BARE-10-33_SLIDE (276).jpg,2
BARE-10-33_SLIDE (277).jpg,2
BARE-10-33_SLIDE (278).jpg,2
BARE-10-33_SLIDE (279).jpg,2
BARE-10-33_SLIDE (28).jpg,2
BARE-10-33_SLIDE (280).jpg,2
BARE-10-33_SLIDE (281).jpg,2
BARE-10-33_SLIDE (282).jpg,2
BARE-10-33_SLIDE (283).jpg,2
BARE-10-33_SLIDE (284).jpg,2
BARE-10-33_SLIDE (285).jpg,2
BARE-10-33_SLIDE (286).jpg,2
BARE-10-33_SLIDE (287).jpg,2
BARE-10-33_SLIDE (288).jpg,2
BARE-10-33_SLIDE (289).jpg,2
BARE-10-33_SLIDE (29).jpg,2
BARE-10-33_SLIDE (290).jpg,2
BARE-10-33_SLIDE (291).jpg,2
BARE-10-33_SLIDE (292).jpg,2
BARE-10-33_SLIDE (293).jpg,2
BARE-10-33_SLIDE (294).jpg,2
BARE-10-33_SLIDE (295).jpg,2
BARE-10-33_SLIDE (296).jpg,2
BARE-10-33_SLIDE (297).jpg,2
BARE-10-33_SLIDE (298).jpg,2
BARE-10-33_SLIDE (299).jpg,2
BARE-10-33_SLIDE (3).jpg,2
BARE-10-33_SLIDE (30).jpg,2
BARE-10-33_SLIDE (300).jpg,2
BARE-10-33_SLIDE (301).jpg,2
BARE-10-33_SLIDE (302).jpg,2
BARE-10-33_SLIDE (303).jpg,2
BARE-10-33_SLIDE (304).jpg,2
BARE-10-33_SLIDE (305).jpg,2
BARE-10-33_SLIDE (306).jpg,2
BARE-10-33_SLIDE (307).jpg,2
BARE-10-33_SLIDE (308).jpg,2
BARE-10-33_SLIDE (309).jpg,2
BARE-10-33_SLIDE (31).jpg,2
BARE-10-33_SLIDE (310).jpg,2
BARE-10-33_SLIDE (311).jpg,2
BARE-10-33_SLIDE (312).jpg,2
BARE-10-33_SLIDE (313).jpg,2
BARE-10-33_SLIDE (314).jpg,2
BARE-10-33_SLIDE (315).jpg,2
BARE-10-33_SLIDE (316).jpg,2
BARE-10-33_SLIDE (317).jpg,2
BARE-10-33_SLIDE (318).jpg,2
BARE-10-33_SLIDE (319).jpg,2
BARE-10-33_SLIDE (32).jpg,2
BARE-10-33_SLIDE (320).jpg,2
BARE-10-33_SLIDE (321).jpg,2
BARE-10-33_SLIDE (322).jpg,2
BARE-10-33_SLIDE (323).jpg,2
BARE-10-33_SLIDE (324).jpg,2
BARE-10-33_SLIDE (325).jpg,2
BARE-10-33_SLIDE (326).jpg,2
BARE-10-33_SLIDE (327).jpg,2
BARE-10-33_SLIDE (328).jpg,2
BARE-10-33_SLIDE (329).jpg,2
BARE-10-33_SLIDE (33).jpg,2
BARE-10-33_SLIDE (330).jpg,2
BARE-10-33_SLIDE (331).jpg,2
BARE-10-33_SLIDE (332).jpg,2
BARE-10-33_SLIDE (333).jpg,2
BARE-10-33_SLIDE (334).jpg,2
BARE-10-33_SLIDE (335).jpg,2
BARE-10-33_SLIDE (336).jpg,2
BARE-10-33_SLIDE (337).jpg,2
BARE-10-33_SLIDE (338).jpg,2
BARE-10-33_SLIDE (34).jpg,2
BARE-10-33_SLIDE (35).jpg,2
BARE-10-33_SLIDE (36).jpg,2
BARE-10-33_SLIDE (37).jpg,2
BARE-10-33_SLIDE (38).jpg,2
BARE-10-33_SLIDE (39).jpg,2
BARE-10-33_SLIDE (4).jpg,2
BARE-10-33_SLIDE (40).jpg,2
BARE-10-33_SLIDE (41).jpg,2
BARE-10-33_SLIDE (42).jpg,2
BARE-10-33_SLIDE (43).jpg,2
BARE-10-33_SLIDE (44).jpg,2
BARE-10-33_SLIDE (45).jpg,2
BARE-10-33_SLIDE (46).jpg,2
BARE-10-33_SLIDE (47).jpg,2
BARE-10-33_SLIDE (48).jpg,2
BARE-10-33_SLIDE (49).jpg,2
BARE-10-33_SLIDE (5).jpg,2
BARE-10-33_SLIDE (50).jpg,2
BARE-10-33_SLIDE (51).jpg,2
BARE-10-33_SLIDE (52).jpg,2
BARE-10-33_SLIDE (53).jpg,2
BARE-10-33_SLIDE (54).jpg,2
BARE-10-33_SLIDE (55).jpg,2
BARE-10-33_SLIDE (56).jpg,2
BARE-10-33_SLIDE (57).jpg,2
BARE-10-33_SLIDE (58).jpg,2
BARE-10-33_SLIDE (59).jpg,2
BARE-10-33_SLIDE (6).jpg,2
BARE-10-33_SLIDE (60).jpg,2
BARE-10-33_SLIDE (61).jpg,2
BARE-10-33_SLIDE (62).jpg,2
BARE-10-33_SLIDE (63).jpg,2
BARE-10-33_SLIDE (64).jpg,2
BARE-10-33_SLIDE (65).jpg,2
BARE-10-33_SLIDE (66).jpg,2
BARE-10-33_SLIDE (67).jpg,2
BARE-10-33_SLIDE (68).jpg,2
BARE-10-33_SLIDE (69).jpg,2
BARE-10-33_SLIDE (7).jpg,2
BARE-10-33_SLIDE (70).jpg,2
BARE-10-33_SLIDE (71).jpg,2
BARE-10-33_SLIDE (72).jpg,2
BARE-10-33_SLIDE (73).jpg,2
BARE-10-33_SLIDE (74).jpg,2
BARE-10-33_SLIDE (75).jpg,2
BARE-10-33_SLIDE (76).jpg,2
BARE-10-33_SLIDE (77).jpg,2
BARE-10-33_SLIDE (78).jpg,2
BARE-10-33_SLIDE (79).jpg,2
BARE-10-33_SLIDE (8).jpg,2
BARE-10-33_SLIDE (80).jpg,2
BARE-10-33_SLIDE (81).jpg,2
BARE-10-33_SLIDE (82).jpg,2
BARE-10-33_SLIDE (83).jpg,2
BARE-10-33_SLIDE (84).jpg,2
BARE-10-33_SLIDE (85).jpg,2
BARE-10-33_SLIDE (86).jpg,2
BARE-10-33_SLIDE (87).jpg,2
BARE-10-33_SLIDE (88).jpg,2
BARE-10-33_SLIDE (89).jpg,2
BARE-10-33_SLIDE (9).jpg,2
BARE-10-33_SLIDE (90).jpg,2
BARE-10-33_SLIDE (91).jpg,2
BARE-10-33_SLIDE (92).jpg,2
BARE-10-33_SLIDE (93).jpg,2
BARE-10-33_SLIDE (94).jpg,2
BARE-10-33_SLIDE (95).jpg,2
BARE-10-33_SLIDE (96).jpg,2
BARE-10-33_SLIDE (97).jpg,2
BARE-10-33_SLIDE (98).jpg,2
BARE-10-33_SLIDE (99).jpg,2
GREASED-11-25_FAIL (1).jpg,1
GREASED-11-25_FAIL (10).jpg,1
GREASED-11-25_FAIL (100).jpg,1
GREASED-11-25_FAIL (101).jpg,1
GREASED-11-25_FAIL (102).jpg,1
GREASED-11-25_FAIL (103).jpg,1
GREASED-11-25_FAIL (104).jpg,1
GREASED-11-25_FAIL (105).jpg,1
GREASED-11-25_FAIL (106).jpg,1
GREASED-11-25_FAIL (107).jpg,1
GREASED-11-25_FAIL (108).jpg,1
GREASED-11-25_FAIL (109).jpg,1
GREASED-11-25_FAIL (11).jpg,1
GREASED-11-25_FAIL (110).jpg,1
GREASED-11-25_FAIL (111).jpg,1
GREASED-11-25_FAIL (112).jpg,1
GREASED-11-25_FAIL (113).jpg,1
GREASED-11-25_FAIL (114).jpg,1
GREASED-11-25_FAIL (115).jpg,1
GREASED-11-25_FAIL (116).jpg,1
GREASED-11-25_FAIL (117).jpg,1
GREASED-11-25_FAIL (118).jpg,1
GREASED-11-25_FAIL (119).jpg,1
GREASED-11-25_FAIL (12).jpg,1
GREASED-11-25_FAIL (120).jpg,1
GREASED-11-25_FAIL (121).jpg,1
GREASED-11-25_FAIL (122).jpg,1
GREASED-11-25_FAIL (123).jpg,1
GREASED-11-25_FAIL (124).jpg,1
GREASED-11-25_FAIL (125).jpg,1
GREASED-11-25_FAIL (126).jpg,1
GREASED-11-25_FAIL (127).jpg,1
GREASED-11-25_FAIL (128).jpg,1
GREASED-11-25_FAIL (129).jpg,1
GREASED-11-25_FAIL (13).jpg,1
GREASED-11-25_FAIL (130).jpg,1
GREASED-11-25_FAIL (131).jpg,1
GREASED-11-25_FAIL (132).jpg,1
GREASED-11-25_FAIL (133).jpg,1
GREASED-11-25_FAIL (134).jpg,1
GREASED-11-25_FAIL (135).jpg,1
GREASED-11-25_FAIL (136).jpg,1
GREASED-11-25_FAIL (137).jpg,1
GREASED-11-25_FAIL (138).jpg,1
GREASED-11-25_FAIL (139).jpg,1
GREASED-11-25_FAIL (14).jpg,1
GREASED-11-25_FAIL (140).jpg,1
GREASED-11-25_FAIL (141).jpg,1
GREASED-11-25_FAIL (142).jpg,1
GREASED-11-25_FAIL (143).jpg,1
GREASED-11-25_FAIL (144).jpg,1
GREASED-11-25_FAIL (145).jpg,1
GREASED-11-25_FAIL (146).jpg,1
GREASED-11-25_FAIL (147).jpg,1
GREASED-11-25_FAIL (148).jpg,1
GREASED-11-25_FAIL (149).jpg,1
GREASED-11-25_FAIL (15).jpg,1
GREASED-11-25_FAIL (150).jpg,1
GREASED-11-25_FAIL (151).jpg,1
GREASED-11-25_FAIL (152).jpg,1
GREASED-11-25_FAIL (153).jpg,1
GREASED-11-25_FAIL (154).jpg,1
GREASED-11-25_FAIL (155).jpg,1
GREASED-11-25_FAIL (156).jpg,1
GREASED-11-25_FAIL (157).jpg,1
GREASED-11-25_FAIL (158).jpg,1
GREASED-11-25_FAIL (159).jpg,1
GREASED-11-25_FAIL (16).jpg,1
GREASED-11-25_FAIL (160).jpg,1
GREASED-11-25_FAIL (161).jpg,1
GREASED-11-25_FAIL (162).jpg,1
GREASED-11-25_FAIL (163).jpg,1
GREASED-11-25_FAIL (164).jpg,1
GREASED-11-25_FAIL (165).jpg,1
GREASED-11-25_FAIL (166).jpg,1
GREASED-11-25_FAIL (167).jpg,1
GREASED-11-25_FAIL (168).jpg,1
GREASED-11-25_FAIL (169).jpg,1
GREASED-11-25_FAIL (17).jpg,1
GREASED-11-25_FAIL (170).jpg,1
GREASED-11-25_FAIL (171).jpg,1
GREASED-11-25_FAIL (172).jpg,1
GREASED-11-25_FAIL (173).jpg,1
GREASED-11-25_FAIL (174).jpg,1
GREASED-11-25_FAIL (175).jpg,1
GREASED-11-25_FAIL (176).jpg,1
GREASED-11-25_FAIL (177).jpg,1
GREASED-11-25_FAIL (178).jpg,1
GREASED-11-25_FAIL (179).jpg,1
GREASED-11-25_FAIL (18).jpg,1
GREASED-11-25_FAIL (180).jpg,1
GREASED-11-25_FAIL (181).jpg,1
GREASED-11-25_FAIL (182).jpg,1
GREASED-11-25_FAIL (183).jpg,1
GREASED-11-25_FAIL (184).jpg,1
GREASED-11-25_FAIL (185).jpg,1
GREASED-11-25_FAIL (186).jpg,1
GREASED-11-25_FAIL (187).jpg,1
GREASED-11-25_FAIL (188).jpg,1
GREASED-11-25_FAIL (189).jpg,1
GREASED-11-25_FAIL (19).jpg,1
GREASED-11-25_FAIL (190).jpg,1
GREASED-11-25_FAIL (191).jpg,1
GREASED-11-25_FAIL (192).jpg,1
GREASED-11-25_FAIL (193).jpg,1
GREASED-11-25_FAIL (194).jpg,1
GREASED-11-25_FAIL (195).jpg,1
GREASED-11-25_FAIL (196).jpg,1
GREASED-11-25_FAIL (197).jpg,1
GREASED-11-25_FAIL (198).jpg,1
GREASED-11-25_FAIL (199).jpg,1
GREASED-11-25_FAIL (2).jpg,1
GREASED-11-25_FAIL (20).jpg,1
GREASED-11-25_FAIL (200).jpg,1
GREASED-11-25_FAIL (201).jpg,1
GREASED-11-25_FAIL (202).jpg,1
GREASED-11-25_FAIL (203).jpg,1
GREASED-11-25_FAIL (204).jpg,1
GREASED-11-25_FAIL (205).jpg,1
GREASED-11-25_FAIL (206).jpg,1
GREASED-11-25_FAIL (207).jpg,1
GREASED-11-25_FAIL (208).jpg,1
GREASED-11-25_FAIL (209).jpg,1
GREASED-11-25_FAIL (21).jpg,1
GREASED-11-25_FAIL (210).jpg,1
GREASED-11-25_FAIL (211).jpg,1
GREASED-11-25_FAIL (212).jpg,1
GREASED-11-25_FAIL (213).jpg,1
GREASED-11-25_FAIL (214).jpg,1
GREASED-11-25_FAIL (215).jpg,1
GREASED-11-25_FAIL (216).jpg,1
GREASED-11-25_FAIL (217).jpg,1
GREASED-11-25_FAIL (218).jpg,1
GREASED-11-25_FAIL (219).jpg,1
GREASED-11-25_FAIL (22).jpg,1
GREASED-11-25_FAIL (220).jpg,1
GREASED-11-25_FAIL (221).jpg,1
GREASED-11-25_FAIL (222).jpg,1
GREASED-11-25_FAIL (223).jpg,1
GREASED-11-25_FAIL (23).jpg,1
GREASED-11-25_FAIL (24).jpg,1
GREASED-11-25_FAIL (25).jpg,1
GREASED-11-25_FAIL (26).jpg,1
GREASED-11-25_FAIL (27).jpg,1
GREASED-11-25_FAIL (28).jpg,1
GREASED-11-25_FAIL (29).jpg,1
GREASED-11-25_FAIL (3).jpg,1
GREASED-11-25_FAIL (30).jpg,1
GREASED-11-25_FAIL (31).jpg,1
GREASED-11-25_FAIL (32).jpg,1
GREASED-11-25_FAIL (33).jpg,1
GREASED-11-25_FAIL (34).jpg,1
GREASED-11-25_FAIL (35).jpg,1
GREASED-11-25_FAIL (36).jpg,1
GREASED-11-25_FAIL (37).jpg,1
GREASED-11-25_FAIL (38).jpg,1
GREASED-11-25_FAIL (39).jpg,1
GREASED-11-25_FAIL (4).jpg,1
GREASED-11-25_FAIL (40).jpg,1
GREASED-11-25_FAIL (41).jpg,1
GREASED-11-25_FAIL (42).jpg,1
GREASED-11-25_FAIL (43).jpg,1
GREASED-11-25_FAIL (44).jpg,1
GREASED-11-25_FAIL (45).jpg,1
GREASED-11-25_FAIL (46).jpg,1
GREASED-11-25_FAIL (47).jpg,1
GREASED-11-25_FAIL (48).jpg,1
GREASED-11-25_FAIL (49).jpg,1
GREASED-11-25_FAIL (5).jpg,1
GREASED-11-25_FAIL (50).jpg,1
GREASED-11-25_FAIL (51).jpg,1
GREASED-11-25_FAIL (52).jpg,1
GREASED-11-25_FAIL (53).jpg,1
GREASED-11-25_FAIL (54).jpg,1
GREASED-11-25_FAIL (55).jpg,1
GREASED-11-25_FAIL (56).jpg,1
GREASED-11-25_FAIL (57).jpg,1
GREASED-11-25_FAIL (58).jpg,1
GREASED-11-25_FAIL (59).jpg,1
GREASED-11-25_FAIL (6).jpg,1
GREASED-11-25_FAIL (60).jpg,1
GREASED-11-25_FAIL (61).jpg,1
GREASED-11-25_FAIL (62).jpg,1
GREASED-11-25_FAIL (63).jpg,1
GREASED-11-25_FAIL (64).jpg,1
GREASED-11-25_FAIL (65).jpg,1
GREASED-11-25_FAIL (66).jpg,1
GREASED-11-25_FAIL (67).jpg,1
GREASED-11-25_FAIL (68).jpg,1
GREASED-11-25_FAIL (69).jpg,1
GREASED-11-25_FAIL (7).jpg,1
GREASED-11-25_FAIL (70).jpg,1
GREASED-11-25_FAIL (71).jpg,1
GREASED-11-25_FAIL (72).jpg,1
GREASED-11-25_FAIL (73).jpg,1
GREASED-11-25_FAIL (74).jpg,1
GREASED-11-25_FAIL (75).jpg,1
GREASED-11-25_FAIL (76).jpg,1
GREASED-11-25_FAIL (77).jpg,1
GREASED-11-25_FAIL (78).jpg,1
GREASED-11-25_FAIL (79).jpg,1
GREASED-11-25_FAIL (8).jpg,1
GREASED-11-25_FAIL (80).jpg,1
GREASED-11-25_FAIL (81).jpg,1
GREASED-11-25_FAIL (82).jpg,1
GREASED-11-25_FAIL (83).jpg,1
GREASED-11-25_FAIL (84).jpg,1
GREASED-11-25_FAIL (85).jpg,1
GREASED-11-25_FAIL (86).jpg,1
GREASED-11-25_FAIL (87).jpg,1
GREASED-11-25_FAIL (88).jpg,1
GREASED-11-25_FAIL (89).jpg,1
GREASED-11-25_FAIL (9).jpg,1
GREASED-11-25_FAIL (90).jpg,1
GREASED-11-25_FAIL (91).jpg,1
GREASED-11-25_FAIL (92).jpg,1
GREASED-11-25_FAIL (93).jpg,1
GREASED-11-25_FAIL (94).jpg,1
GREASED-11-25_FAIL (95).jpg,1
GREASED-11-25_FAIL (96).jpg,1
GREASED-11-25_FAIL (97).jpg,1
GREASED-11-25_FAIL (98).jpg,1
GREASED-11-25_FAIL (99).jpg,1
